Unnamed: 0	eye_color	face_shape	file_name
1049	3	3	1049.png
9269	1	2	9269.png
2497	0	1	2497.png
5884	2	2	5884.png
2559	2	3	2559.png
8933	1	0	8933.png
316	3	1	316.png
5268	4	2	5268.png
3758	1	3	3758.png
451	4	0	451.png
7683	2	0	7683.png
5762	4	2	5762.png
1813	0	3	1813.png
2310	1	2	2310.png
4180	2	0	4180.png
5152	0	3	5152.png
7240	2	0	7240.png
3324	1	4	3324.png
4602	0	2	4602.png
6233	1	4	6233.png
9799	4	0	9799.png
1596	1	4	1596.png
4918	0	4	4918.png
9611	1	2	9611.png
3320	3	2	3320.png
2961	4	3	2961.png
7788	1	0	7788.png
3811	1	1	3811.png
1356	4	0	1356.png
7431	4	3	7431.png
9978	2	3	9978.png
2632	1	0	2632.png
8054	4	1	8054.png
7757	3	1	7757.png
37	1	4	37.png
1025	3	3	1025.png
2599	1	2	2599.png
5768	1	1	5768.png
9331	2	3	9331.png
9786	1	4	9786.png
6337	2	3	6337.png
5063	2	3	5063.png
5031	4	3	5031.png
4901	0	0	4901.png
9789	4	2	9789.png
1103	3	0	1103.png
1305	1	4	1305.png
3078	2	2	3078.png
5939	3	4	5939.png
1714	0	0	1714.png
854	0	1	854.png
8205	1	3	8205.png
8694	1	0	8694.png
2066	0	0	2066.png
7148	2	0	7148.png
1895	0	4	1895.png
6365	0	0	6365.png
2766	0	2	2766.png
6001	1	3	6001.png
5927	3	1	5927.png
8288	0	3	8288.png
4850	2	4	4850.png
9426	0	1	9426.png
7212	1	0	7212.png
6408	0	2	6408.png
7925	0	4	7925.png
4988	0	0	4988.png
8627	2	0	8627.png
8174	2	0	8174.png
4055	0	3	4055.png
7764	3	2	7764.png
2598	1	0	2598.png
7010	4	3	7010.png
2108	2	3	2108.png
5872	0	0	5872.png
9140	3	4	9140.png
4719	2	4	4719.png
909	3	3	909.png
3607	1	4	3607.png
7898	2	4	7898.png
6733	4	4	6733.png
8658	1	0	8658.png
1272	1	4	1272.png
8404	3	3	8404.png
943	4	2	943.png
630	2	2	630.png
270	0	3	270.png
5532	0	2	5532.png
5162	2	2	5162.png
4770	0	4	4770.png
9667	3	3	9667.png
9401	2	0	9401.png
5201	0	0	5201.png
7442	0	3	7442.png
3667	0	1	3667.png
9740	2	2	9740.png
1503	0	0	1503.png
1235	3	2	1235.png
2726	2	2	2726.png
7256	4	1	7256.png
1976	4	1	1976.png
9129	3	1	9129.png
8773	4	2	8773.png
5109	2	3	5109.png
5097	2	4	5097.png
4467	4	0	4467.png
1390	4	4	1390.png
269	0	1	269.png
3454	0	4	3454.png
8686	1	3	8686.png
8286	4	0	8286.png
7594	2	3	7594.png
3569	1	2	3569.png
5524	0	4	5524.png
1623	2	4	1623.png
7836	4	1	7836.png
3906	2	0	3906.png
5000	1	1	5000.png
6535	1	3	6535.png
1894	4	3	1894.png
6421	2	1	6421.png
4177	2	2	4177.png
6384	4	1	6384.png
5147	1	2	5147.png
7910	2	1	7910.png
3708	0	1	3708.png
8129	0	3	8129.png
1478	2	0	1478.png
7938	3	1	7938.png
4599	4	3	4599.png
9577	3	4	9577.png
8380	3	1	8380.png
346	1	2	346.png
3538	2	3	3538.png
2500	3	2	2500.png
9094	1	0	9094.png
2733	3	3	2733.png
5093	3	3	5093.png
7208	4	3	7208.png
1653	1	0	1653.png
8948	2	4	8948.png
7183	4	1	7183.png
2014	0	0	2014.png
5289	3	2	5289.png
1944	0	3	1944.png
4316	4	1	4316.png
3605	2	1	3605.png
1905	2	2	1905.png
8278	4	1	8278.png
3519	4	1	3519.png
3857	2	4	3857.png
462	4	4	462.png
922	1	4	922.png
4090	3	2	4090.png
1878	1	3	1878.png
199	2	2	199.png
2713	4	4	2713.png
7735	4	1	7735.png
6078	3	0	6078.png
1301	3	4	1301.png
9067	4	2	9067.png
3668	3	4	3668.png
5530	4	4	5530.png
3840	2	1	3840.png
8883	4	0	8883.png
816	0	4	816.png
1881	4	3	1881.png
4678	3	1	4678.png
8759	4	2	8759.png
8048	3	0	8048.png
5229	2	3	5229.png
5715	3	3	5715.png
7286	4	1	7286.png
5794	2	0	5794.png
5062	2	0	5062.png
2805	4	1	2805.png
1867	0	1	1867.png
6864	0	4	6864.png
5061	3	3	5061.png
787	4	0	787.png
9159	4	4	9159.png
4060	4	1	4060.png
5909	2	3	5909.png
1824	0	1	1824.png
9761	1	4	9761.png
4585	3	3	4585.png
820	1	3	820.png
5024	1	3	5024.png
6327	2	1	6327.png
4083	2	0	4083.png
7541	0	0	7541.png
72	4	0	72.png
7724	4	2	7724.png
9288	0	2	9288.png
5526	3	1	5526.png
8689	3	4	8689.png
631	1	2	631.png
5430	4	4	5430.png
9400	3	4	9400.png
603	0	4	603.png
3578	3	2	3578.png
82	2	0	82.png
1279	0	4	1279.png
3852	2	3	3852.png
2271	2	4	2271.png
9403	1	3	9403.png
1679	2	3	1679.png
2	2	3	2.png
8361	0	1	8361.png
4483	0	0	4483.png
1004	2	3	1004.png
9092	1	0	9092.png
9477	2	4	9477.png
8051	4	0	8051.png
2447	0	2	2447.png
5473	2	3	5473.png
9345	2	2	9345.png
3543	4	4	3543.png
1125	0	2	1125.png
3349	2	0	3349.png
6046	4	4	6046.png
514	2	4	514.png
2419	1	0	2419.png
858	0	1	858.png
7795	0	0	7795.png
8477	1	3	8477.png
8612	0	0	8612.png
2265	2	2	2265.png
8108	2	4	8108.png
7588	1	4	7588.png
7802	0	2	7802.png
6835	1	1	6835.png
3291	0	3	3291.png
8897	4	1	8897.png
6205	4	1	6205.png
6490	2	0	6490.png
4340	4	2	4340.png
5136	0	1	5136.png
5458	0	0	5458.png
9153	4	2	9153.png
4568	1	3	4568.png
9126	2	4	9126.png
1218	4	3	1218.png
1395	0	0	1395.png
7187	1	4	7187.png
3464	1	3	3464.png
4312	2	0	4312.png
2752	1	1	2752.png
150	2	1	150.png
9287	0	1	9287.png
9775	4	4	9775.png
4413	2	4	4413.png
7877	2	1	7877.png
5421	0	4	5421.png
2311	2	0	2311.png
2386	1	3	2386.png
8113	0	0	8113.png
8222	0	2	8222.png
4813	4	2	4813.png
3959	2	2	3959.png
7937	2	3	7937.png
3347	1	1	3347.png
6779	0	1	6779.png
6655	2	1	6655.png
8715	2	2	8715.png
8707	3	0	8707.png
1158	2	0	1158.png
7580	0	1	7580.png
4550	0	2	4550.png
4631	4	4	4631.png
2139	3	2	2139.png
1155	0	2	1155.png
2324	1	4	2324.png
8999	2	1	8999.png
3080	2	3	3080.png
6631	2	4	6631.png
2790	4	4	2790.png
4864	1	4	4864.png
3234	2	3	3234.png
2779	0	1	2779.png
3330	0	4	3330.png
2387	2	1	2387.png
4398	4	4	4398.png
3948	2	0	3948.png
3445	3	2	3445.png
6401	4	3	6401.png
6753	1	2	6753.png
3	2	0	3.png
5163	4	4	5163.png
6353	1	2	6353.png
6114	4	2	6114.png
5608	4	1	5608.png
2777	1	4	2777.png
7375	4	3	7375.png
200	4	1	200.png
4907	4	2	4907.png
9213	2	1	9213.png
7782	1	2	7782.png
6771	4	4	6771.png
4876	3	0	4876.png
5525	0	0	5525.png
6444	2	1	6444.png
9384	1	3	9384.png
5004	3	3	5004.png
4774	3	0	4774.png
1683	1	3	1683.png
364	3	2	364.png
7354	1	3	7354.png
596	0	1	596.png
9533	2	4	9533.png
7463	0	3	7463.png
9243	2	3	9243.png
8633	3	1	8633.png
9763	4	4	9763.png
9059	4	3	9059.png
9041	4	3	9041.png
7747	0	3	7747.png
8813	2	1	8813.png
2467	1	3	2467.png
2762	1	1	2762.png
264	3	0	264.png
6354	1	2	6354.png
1747	1	0	1747.png
5125	3	4	5125.png
5932	4	4	5932.png
1804	0	4	1804.png
3526	3	0	3526.png
6462	0	4	6462.png
2822	4	1	2822.png
5903	2	3	5903.png
1900	4	3	1900.png
5221	4	0	5221.png
5415	1	2	5415.png
5881	0	2	5881.png
8065	4	4	8065.png
1056	3	1	1056.png
2839	3	4	2839.png
4443	3	0	4443.png
7864	2	4	7864.png
6073	1	1	6073.png
5748	1	0	5748.png
3405	0	4	3405.png
3496	2	0	3496.png
6426	0	0	6426.png
1090	4	0	1090.png
1848	2	3	1848.png
5632	3	1	5632.png
8118	4	2	8118.png
173	2	1	173.png
6596	3	4	6596.png
190	4	0	190.png
6189	4	1	6189.png
6249	1	1	6249.png
7702	1	2	7702.png
124	2	0	124.png
5385	2	1	5385.png
7824	4	0	7824.png
8073	3	2	8073.png
7502	4	4	7502.png
8666	1	4	8666.png
901	2	1	901.png
4852	1	2	4852.png
999	4	3	999.png
9358	2	1	9358.png
381	3	4	381.png
5622	1	1	5622.png
3433	4	2	3433.png
7112	2	0	7112.png
8802	1	2	8802.png
7700	2	0	7700.png
7199	4	3	7199.png
419	0	1	419.png
2991	2	4	2991.png
3281	3	2	3281.png
8738	1	2	8738.png
4491	2	1	4491.png
7962	0	0	7962.png
6311	1	4	6311.png
5213	0	1	5213.png
9695	3	4	9695.png
2330	1	3	2330.png
4600	3	1	4600.png
7225	1	3	7225.png
5706	2	4	5706.png
5981	4	3	5981.png
8516	4	0	8516.png
1659	1	0	1659.png
9878	1	3	9878.png
8796	1	2	8796.png
7771	4	3	7771.png
9134	3	0	9134.png
7246	4	4	7246.png
1101	3	2	1101.png
5236	2	4	5236.png
1381	2	1	1381.png
9613	0	1	9613.png
3444	0	0	3444.png
2203	3	2	2203.png
9785	1	2	9785.png
9189	1	0	9189.png
8567	1	2	8567.png
1195	0	4	1195.png
3142	2	3	3142.png
5274	1	0	5274.png
3528	4	1	3528.png
6006	1	3	6006.png
2979	2	4	2979.png
1849	0	2	1849.png
8529	1	0	8529.png
5949	0	2	5949.png
7369	0	3	7369.png
7218	1	3	7218.png
7686	2	3	7686.png
34	4	0	34.png
677	3	1	677.png
9020	2	3	9020.png
1642	3	1	1642.png
4538	3	0	4538.png
7245	3	1	7245.png
7126	4	4	7126.png
6695	3	4	6695.png
5757	0	1	5757.png
5220	0	1	5220.png
5363	2	3	5363.png
7748	2	1	7748.png
8871	2	0	8871.png
839	3	3	839.png
653	3	2	653.png
2394	1	2	2394.png
9769	4	1	9769.png
1530	1	2	1530.png
9337	3	0	9337.png
5321	1	3	5321.png
6788	0	4	6788.png
7716	3	4	7716.png
4977	1	1	4977.png
9919	2	2	9919.png
1240	3	3	1240.png
4870	2	2	4870.png
2276	0	2	2276.png
3471	1	1	3471.png
8041	3	0	8041.png
8137	1	3	8137.png
4128	2	4	4128.png
4711	2	3	4711.png
8042	2	1	8042.png
9348	1	1	9348.png
4284	3	4	4284.png
6837	3	2	6837.png
874	3	0	874.png
7288	1	0	7288.png
2063	2	3	2063.png
104	3	2	104.png
305	3	4	305.png
3649	4	4	3649.png
7118	4	2	7118.png
7449	2	2	7449.png
4393	2	4	4393.png
6371	3	3	6371.png
6374	2	2	6374.png
4855	0	0	4855.png
1711	0	0	1711.png
5573	1	2	5573.png
5620	2	2	5620.png
1764	0	0	1764.png
4354	4	2	4354.png
4343	3	2	4343.png
547	1	3	547.png
3945	0	0	3945.png
7561	4	3	7561.png
178	2	3	178.png
9115	2	1	9115.png
1425	2	3	1425.png
6062	4	2	6062.png
7172	0	4	7172.png
8964	1	2	8964.png
6201	4	4	6201.png
7794	3	0	7794.png
4211	4	2	4211.png
5756	3	0	5756.png
9672	4	0	9672.png
1295	2	1	1295.png
4339	0	1	4339.png
9116	2	2	9116.png
8920	1	4	8920.png
6924	1	4	6924.png
5641	0	1	5641.png
7451	0	3	7451.png
8208	3	2	8208.png
7813	2	0	7813.png
6639	3	3	6639.png
5144	1	4	5144.png
5631	1	0	5631.png
6292	0	3	6292.png
4204	0	1	4204.png
7117	0	2	7117.png
6125	2	3	6125.png
4705	2	4	4705.png
6229	4	1	6229.png
7703	4	2	7703.png
3493	4	4	3493.png
5211	2	4	5211.png
844	1	4	844.png
2320	3	0	2320.png
2607	0	2	2607.png
4164	1	3	4164.png
4046	1	1	4046.png
7281	3	1	7281.png
4874	1	2	4874.png
2198	0	1	2198.png
4368	3	3	4368.png
6106	3	0	6106.png
8033	4	4	8033.png
5352	2	2	5352.png
4084	1	0	4084.png
8333	3	2	8333.png
8264	0	0	8264.png
8291	0	0	8291.png
5454	2	1	5454.png
2244	1	1	2244.png
9540	3	3	9540.png
3200	1	3	3200.png
3363	2	4	3363.png
4782	4	0	4782.png
7542	1	0	7542.png
3485	2	4	3485.png
6468	1	1	6468.png
4508	4	0	4508.png
4773	4	2	4773.png
4507	4	4	4507.png
6440	0	1	6440.png
918	1	2	918.png
3328	2	0	3328.png
6420	0	4	6420.png
4056	3	1	4056.png
5718	0	0	5718.png
3722	3	4	3722.png
8159	2	1	8159.png
3714	0	1	3714.png
8460	1	1	8460.png
5777	1	4	5777.png
8687	1	4	8687.png
8254	1	0	8254.png
2988	1	1	2988.png
9168	1	4	9168.png
9782	2	4	9782.png
3486	4	1	3486.png
7257	2	2	7257.png
1636	1	0	1636.png
8830	2	4	8830.png
3766	0	4	3766.png
4228	0	1	4228.png
3665	1	4	3665.png
2019	0	1	2019.png
6000	4	2	6000.png
4039	2	0	4039.png
3289	1	2	3289.png
1654	0	1	1654.png
4190	0	0	4190.png
9563	0	1	9563.png
9541	1	1	9541.png
6346	1	2	6346.png
8307	0	1	8307.png
7260	4	4	7260.png
8997	4	3	8997.png
7739	4	4	7739.png
8782	0	1	8782.png
515	2	2	515.png
4305	3	3	4305.png
639	0	2	639.png
9822	1	0	9822.png
4120	4	0	4120.png
5676	0	4	5676.png
9828	0	3	9828.png
8937	1	1	8937.png
8712	2	1	8712.png
7051	0	3	7051.png
1599	0	2	1599.png
78	1	1	78.png
1605	2	2	1605.png
2845	4	3	2845.png
2702	0	0	2702.png
5753	4	2	5753.png
4763	0	4	4763.png
194	3	1	194.png
6970	2	1	6970.png
339	2	4	339.png
5154	4	1	5154.png
3353	0	1	3353.png
5460	4	0	5460.png
2773	3	4	2773.png
9350	0	4	9350.png
703	2	0	703.png
7441	1	1	7441.png
4015	3	2	4015.png
1280	3	3	1280.png
2729	0	0	2729.png
8462	3	0	8462.png
1131	4	4	1131.png
827	0	3	827.png
2865	4	4	2865.png
8403	1	4	8403.png
6603	0	0	6603.png
1208	1	0	1208.png
8803	4	3	8803.png
8175	0	3	8175.png
1506	4	1	1506.png
3224	1	4	3224.png
2858	4	4	2858.png
9120	0	1	9120.png
6182	3	1	6182.png
4733	4	4	4733.png
3466	1	0	3466.png
6260	0	2	6260.png
6422	0	0	6422.png
1579	1	0	1579.png
3887	0	2	3887.png
8859	4	0	8859.png
6963	1	1	6963.png
2224	0	1	2224.png
6272	2	0	6272.png
940	0	4	940.png
1519	4	1	1519.png
513	4	0	513.png
4358	1	2	4358.png
5579	2	2	5579.png
1082	2	3	1082.png
8247	4	4	8247.png
1876	1	3	1876.png
3753	1	2	3753.png
9884	0	2	9884.png
2026	2	1	2026.png
6244	4	2	6244.png
8522	4	4	8522.png
6378	2	1	6378.png
495	3	3	495.png
4966	4	4	4966.png
2075	2	3	2075.png
8895	2	1	8895.png
5076	0	3	5076.png
287	2	0	287.png
5041	3	1	5041.png
3316	2	2	3316.png
8343	1	4	8343.png
9716	4	4	9716.png
573	2	1	573.png
373	2	4	373.png
5317	4	3	5317.png
4399	1	2	4399.png
5396	4	4	5396.png
1481	2	0	1481.png
1104	1	3	1104.png
4175	2	3	4175.png
2093	1	2	2093.png
4013	0	1	4013.png
4028	0	1	4028.png
2156	2	2	2156.png
3724	4	4	3724.png
289	0	2	289.png
2483	0	4	2483.png
7170	1	2	7170.png
4516	2	4	4516.png
1387	4	2	1387.png
3341	2	0	3341.png
4437	3	1	4437.png
2340	1	2	2340.png
9896	1	3	9896.png
7348	3	0	7348.png
7519	0	1	7519.png
5235	1	1	5235.png
4438	2	0	4438.png
6348	4	4	6348.png
8347	0	1	8347.png
7534	4	2	7534.png
9464	1	2	9464.png
6575	1	0	6575.png
745	3	4	745.png
6028	4	0	6028.png
276	3	0	276.png
8425	2	1	8425.png
6871	2	1	6871.png
2827	3	2	2827.png
3550	3	3	3550.png
2423	0	3	2423.png
9230	4	2	9230.png
5310	2	4	5310.png
9721	4	0	9721.png
9529	1	4	9529.png
6489	3	3	6489.png
1892	1	3	1892.png
9023	2	2	9023.png
262	3	0	262.png
7734	2	3	7734.png
817	0	0	817.png
5653	1	4	5653.png
2809	2	0	2809.png
4639	3	2	4639.png
7474	0	3	7474.png
3627	4	1	3627.png
7147	1	3	7147.png
3385	2	3	3385.png
9104	4	2	9104.png
8639	3	3	8639.png
9663	3	3	9663.png
1839	2	0	1839.png
6579	3	0	6579.png
9114	1	0	9114.png
9436	0	4	9436.png
1175	1	0	1175.png
8057	1	2	8057.png
3675	2	1	3675.png
110	2	0	110.png
3202	3	0	3202.png
3583	2	2	3583.png
2352	4	2	2352.png
9149	2	0	9149.png
684	4	1	684.png
1799	1	2	1799.png
5722	2	0	5722.png
5029	3	2	5029.png
1593	3	4	1593.png
5497	3	2	5497.png
2229	3	1	2229.png
8828	1	4	8828.png
6018	1	1	6018.png
4619	3	1	4619.png
7749	4	4	7749.png
4450	3	1	4450.png
6973	3	0	6973.png
8126	2	3	8126.png
2425	0	1	2425.png
5602	0	3	5602.png
5765	4	4	5765.png
1967	3	2	1967.png
6386	2	3	6386.png
2379	0	0	2379.png
865	3	1	865.png
4431	0	1	4431.png
7622	2	1	7622.png
7062	1	4	7062.png
9148	2	3	9148.png
4904	3	3	4904.png
125	4	0	125.png
479	1	0	479.png
2178	1	1	2178.png
7464	3	4	7464.png
5766	3	0	5766.png
5100	4	0	5100.png
3096	1	2	3096.png
6831	4	0	6831.png
6190	2	0	6190.png
9637	1	2	9637.png
8172	1	4	8172.png
578	0	0	578.png
5584	0	0	5584.png
9875	1	2	9875.png
628	0	0	628.png
9374	1	4	9374.png
2970	3	3	2970.png
8743	3	0	8743.png
5642	1	2	5642.png
8149	3	3	8149.png
9738	4	3	9738.png
4645	4	0	4645.png
4235	2	3	4235.png
2266	4	2	2266.png
8107	3	0	8107.png
5996	3	3	5996.png
6026	2	1	6026.png
5407	1	4	5407.png
9335	4	4	9335.png
6434	1	4	6434.png
2404	2	4	2404.png
3173	4	4	3173.png
9518	0	3	9518.png
9108	1	3	9108.png
9993	0	3	9993.png
6685	0	3	6685.png
3393	4	4	3393.png
3421	4	2	3421.png
1	2	4	1.png
9944	1	2	9944.png
4638	3	4	4638.png
7019	1	4	7019.png
4137	1	3	4137.png
8893	3	3	8893.png
8994	3	3	8994.png
5358	1	1	5358.png
7332	0	0	7332.png
5859	4	1	5859.png
1146	1	3	1146.png
5788	2	3	5788.png
1154	3	4	1154.png
4899	4	0	4899.png
5965	1	3	5965.png
1951	3	3	1951.png
629	4	3	629.png
89	0	4	89.png
8801	3	0	8801.png
2614	3	2	2614.png
7327	0	2	7327.png
1584	2	3	1584.png
3294	2	0	3294.png
6316	2	2	6316.png
7249	1	3	7249.png
9597	1	2	9597.png
345	0	0	345.png
1403	0	4	1403.png
8693	3	3	8693.png
7615	2	2	7615.png
700	2	1	700.png
2895	2	2	2895.png
6021	3	4	6021.png
8416	1	1	8416.png
8406	1	3	8406.png
9438	4	4	9438.png
4846	0	0	4846.png
9178	3	3	9178.png
9753	2	1	9753.png
5779	4	4	5779.png
5498	4	4	5498.png
8904	3	3	8904.png
9109	2	1	9109.png
8084	1	2	8084.png
313	0	4	313.png
2181	1	4	2181.png
4748	0	1	4748.png
6308	2	4	6308.png
1552	3	1	1552.png
2860	0	2	2860.png
2025	3	2	2025.png
5047	3	2	5047.png
4069	1	2	4069.png
5065	0	4	5065.png
1556	3	2	1556.png
548	1	3	548.png
3879	4	2	3879.png
3035	1	3	3035.png
9954	3	3	9954.png
4974	2	4	4974.png
7198	4	2	7198.png
3674	4	2	3674.png
4048	3	2	4048.png
9364	3	2	9364.png
3940	0	3	3940.png
8783	0	3	8783.png
4948	1	4	4948.png
8281	1	4	8281.png
1510	4	3	1510.png
501	0	4	501.png
4304	1	3	4304.png
4933	2	4	4933.png
9225	3	1	9225.png
6615	1	1	6615.png
1940	1	3	1940.png
7102	0	1	7102.png
1621	2	2	1621.png
7874	3	2	7874.png
5380	4	0	5380.png
6119	1	0	6119.png
408	1	4	408.png
6038	1	0	6038.png
6309	1	0	6309.png
9737	4	2	9737.png
4059	2	0	4059.png
9984	3	3	9984.png
3606	2	4	3606.png
9402	2	0	9402.png
7471	0	0	7471.png
6983	3	2	6983.png
4861	4	0	4861.png
4367	0	0	4367.png
9517	4	4	9517.png
1850	0	3	1850.png
5170	0	4	5170.png
4758	3	2	4758.png
6903	0	0	6903.png
1684	2	1	1684.png
6834	4	3	6834.png
6827	1	3	6827.png
619	1	1	619.png
5975	1	2	5975.png
9039	4	4	9039.png
2555	3	4	2555.png
7855	2	3	7855.png
9379	1	3	9379.png
6299	0	2	6299.png
185	1	2	185.png
1065	0	3	1065.png
7075	1	4	7075.png
337	0	1	337.png
6	3	0	6.png
6095	4	3	6095.png
8784	4	1	8784.png
7529	2	3	7529.png
8250	3	3	8250.png
9057	1	0	9057.png
6497	2	0	6497.png
5	4	4	5.png
3191	2	4	3191.png
5683	0	2	5683.png
3075	3	3	3075.png
3425	2	4	3425.png
3117	3	0	3117.png
8649	3	2	8649.png
7895	2	4	7895.png
4442	4	2	4442.png
2914	4	2	2914.png
3982	1	4	3982.png
4841	3	1	4841.png
6777	4	0	6777.png
841	3	3	841.png
8641	3	3	8641.png
154	4	4	154.png
8654	2	3	8654.png
1828	1	2	1828.png
5505	0	4	5505.png
7388	3	0	7388.png
1002	1	2	1002.png
4073	0	0	4073.png
757	1	2	757.png
4251	0	4	4251.png
4210	4	4	4210.png
2393	4	4	2393.png
4237	0	0	4237.png
7779	2	3	7779.png
7059	2	0	7059.png
8183	2	0	8183.png
1495	4	1	1495.png
2712	4	2	2712.png
2020	0	3	2020.png
4822	4	4	4822.png
253	2	0	253.png
2850	2	4	2850.png
3057	0	0	3057.png
2818	1	1	2818.png
8395	1	1	8395.png
973	2	1	973.png
3629	2	2	3629.png
341	0	0	341.png
8290	2	1	8290.png
4900	2	2	4900.png
8474	3	0	8474.png
5531	4	0	5531.png
9343	0	2	9343.png
9195	3	3	9195.png
1336	2	2	1336.png
3919	3	3	3919.png
4800	0	2	4800.png
1076	3	4	1076.png
7159	1	2	7159.png
5899	3	2	5899.png
6698	1	0	6698.png
3678	2	2	3678.png
5034	2	3	5034.png
4994	2	4	4994.png
6781	1	3	6781.png
3336	2	4	3336.png
5212	3	4	5212.png
8445	2	1	8445.png
7366	3	0	7366.png
8554	3	0	8554.png
7472	4	0	7472.png
714	2	1	714.png
7664	0	0	7664.png
9274	1	2	9274.png
6476	1	1	6476.png
4231	3	4	4231.png
1515	0	4	1515.png
7050	0	1	7050.png
3774	4	1	3774.png
4215	0	3	4215.png
4955	3	3	4955.png
7032	2	1	7032.png
3478	1	4	3478.png
4523	2	3	4523.png
318	4	0	318.png
5946	4	3	5946.png
7934	0	0	7934.png
7364	2	2	7364.png
556	0	3	556.png
7652	2	1	7652.png
2524	2	1	2524.png
2504	0	1	2504.png
8988	2	4	8988.png
1072	0	4	1072.png
6623	4	0	6623.png
5787	2	0	5787.png
8709	4	3	8709.png
5639	1	0	5639.png
1133	3	0	1133.png
3955	0	2	3955.png
4856	2	2	4856.png
3951	0	0	3951.png
140	3	3	140.png
8032	3	1	8032.png
7495	4	2	7495.png
6484	1	2	6484.png
8822	1	3	8822.png
7586	0	4	7586.png
5341	2	2	5341.png
1933	2	1	1933.png
2912	3	2	2912.png
9509	1	2	9509.png
7207	2	4	7207.png
1939	4	0	1939.png
2303	0	4	2303.png
9848	1	1	9848.png
3778	2	3	3778.png
8123	2	0	8123.png
5667	0	2	5667.png
8623	3	3	8623.png
3994	2	4	3994.png
2460	2	2	2460.png
2881	2	0	2881.png
344	4	1	344.png
9521	0	1	9521.png
3734	4	0	3734.png
7687	1	1	7687.png
7569	0	4	7569.png
8306	4	0	8306.png
4579	2	4	4579.png
7243	3	1	7243.png
1882	1	2	1882.png
2017	1	4	2017.png
3691	2	0	3691.png
4888	2	2	4888.png
8763	4	3	8763.png
7974	4	3	7974.png
2653	3	2	2653.png
4754	2	1	4754.png
7270	3	1	7270.png
6451	4	0	6451.png
9282	4	0	9282.png
7499	1	4	7499.png
8405	2	4	8405.png
7590	3	2	7590.png
3124	4	3	3124.png
7097	0	4	7097.png
8308	2	2	8308.png
328	0	0	328.png
4111	2	4	4111.png
3109	1	3	3109.png
5999	2	0	5999.png
2444	2	4	2444.png
5361	0	1	5361.png
3877	4	4	3877.png
8536	1	2	8536.png
1027	3	2	1027.png
4756	2	3	4756.png
2481	0	2	2481.png
3333	2	0	3333.png
175	0	2	175.png
8105	0	1	8105.png
8226	3	4	8226.png
8690	2	4	8690.png
1206	2	3	1206.png
1344	4	1	1344.png
6228	3	2	6228.png
5126	3	1	5126.png
7654	4	0	7654.png
8479	0	1	8479.png
1322	4	0	1322.png
8552	3	1	8552.png
9405	1	1	9405.png
2277	2	3	2277.png
1018	1	0	1018.png
3211	4	3	3211.png
1352	3	3	1352.png
4745	2	1	4745.png
5997	0	3	5997.png
7676	4	1	7676.png
343	3	3	343.png
128	4	0	128.png
7069	0	4	7069.png
233	2	2	233.png
2237	3	3	2237.png
9034	4	4	9034.png
5192	2	3	5192.png
8178	3	4	8178.png
6321	4	1	6321.png
796	0	2	796.png
2649	2	1	2649.png
1040	0	0	1040.png
6523	2	4	6523.png
7662	3	2	7662.png
9508	4	2	9508.png
4673	3	4	4673.png
9072	0	1	9072.png
7821	3	1	7821.png
2350	0	2	2350.png
1504	2	2	1504.png
7389	2	0	7389.png
4923	2	3	4923.png
2976	2	0	2976.png
9979	3	2	9979.png
5972	0	0	5972.png
7379	4	4	7379.png
3332	1	0	3332.png
848	0	4	848.png
4544	0	0	4544.png
1814	1	4	1814.png
3413	1	3	3413.png
8352	2	0	8352.png
3419	0	0	3419.png
2067	0	2	2067.png
1222	1	2	1222.png
7737	3	0	7737.png
8771	1	3	8771.png
8341	4	4	8341.png
9469	0	2	9469.png
4384	4	2	4384.png
8555	1	2	8555.png
3763	0	1	3763.png
8355	0	3	8355.png
9145	0	4	9145.png
3063	2	2	3063.png
4998	3	4	4998.png
5962	3	4	5962.png
5970	1	2	5970.png
9531	3	4	9531.png
5834	3	0	5834.png
327	4	1	327.png
7140	1	2	7140.png
1569	1	2	1569.png
544	3	0	544.png
6486	1	4	6486.png
8585	4	2	8585.png
9190	1	3	9190.png
3196	2	2	3196.png
2333	3	4	2333.png
6901	1	1	6901.png
7501	3	0	7501.png
5427	3	2	5427.png
9407	0	0	9407.png
8096	3	0	8096.png
382	0	1	382.png
9377	3	4	9377.png
5545	3	2	5545.png
4324	2	3	4324.png
4226	2	1	4226.png
1138	4	4	1138.png
9725	4	2	9725.png
785	0	3	785.png
1834	0	2	1834.png
7162	3	0	7162.png
6838	2	2	6838.png
2793	1	4	2793.png
6550	3	0	6550.png
879	1	2	879.png
9325	1	1	9325.png
1043	4	0	1043.png
3247	4	4	3247.png
2188	0	1	2188.png
5494	3	1	5494.png
2141	3	4	2141.png
1323	1	0	1323.png
4391	1	3	4391.png
3015	0	2	3015.png
281	2	0	281.png
4410	3	4	4410.png
3539	0	0	3539.png
6246	1	3	6246.png
7626	4	2	7626.png
1739	4	0	1739.png
4253	2	0	4253.png
317	0	3	317.png
2478	4	3	2478.png
5193	2	2	5193.png
6188	2	4	6188.png
8245	2	2	8245.png
1987	4	2	1987.png
9313	3	4	9313.png
355	0	0	355.png
623	4	2	623.png
4622	3	1	4622.png
5353	3	0	5353.png
5743	3	3	5743.png
2626	0	0	2626.png
6810	0	4	6810.png
6668	3	4	6668.png
1582	4	3	1582.png
5564	1	4	5564.png
5675	4	2	5675.png
4707	3	2	4707.png
6197	0	3	6197.png
5189	1	0	5189.png
778	2	4	778.png
2703	2	4	2703.png
3367	2	3	3367.png
5640	4	3	5640.png
7798	2	4	7798.png
1750	1	3	1750.png
1638	2	0	1638.png
1102	1	0	1102.png
594	1	4	594.png
6438	0	2	6438.png
7144	3	1	7144.png
9854	2	2	9854.png
2706	0	1	2706.png
6023	3	2	6023.png
871	2	4	871.png
7497	0	0	7497.png
2490	2	1	2490.png
3429	2	3	3429.png
1092	3	4	1092.png
3752	1	1	3752.png
4198	2	2	4198.png
680	4	3	680.png
9205	0	1	9205.png
7941	2	2	7941.png
3054	1	3	3054.png
3233	1	3	3233.png
7756	4	2	7756.png
9367	1	1	9367.png
8735	4	2	8735.png
9209	0	2	9209.png
2137	4	1	2137.png
8049	0	3	8049.png
2039	3	4	2039.png
8753	1	1	8753.png
8878	2	0	8878.png
1110	3	4	1110.png
3144	4	1	3144.png
8317	4	1	8317.png
9107	2	4	9107.png
8309	2	0	8309.png
3742	3	3	3742.png
6928	3	2	6928.png
9468	1	0	9468.png
3052	4	4	3052.png
8489	3	4	8489.png
1692	3	2	1692.png
1045	3	0	1045.png
3440	3	3	3440.png
9091	2	1	9091.png
6124	0	0	6124.png
7434	2	4	7434.png
4187	4	2	4187.png
2354	3	1	2354.png
3386	3	4	3386.png
1262	3	4	1262.png
6808	0	1	6808.png
4642	4	3	4642.png
764	1	1	764.png
1620	3	0	1620.png
4518	4	1	4518.png
6543	0	4	6543.png
7250	1	3	7250.png
9556	2	2	9556.png
1123	1	3	1123.png
6112	3	3	6112.png
4202	3	4	4202.png
6643	4	2	6643.png
7888	2	2	7888.png
3931	1	1	3931.png
6148	1	4	6148.png
8569	2	1	8569.png
5636	4	0	5636.png
2645	0	2	2645.png
444	0	2	444.png
1998	3	4	1998.png
7383	1	1	7383.png
398	4	0	398.png
3970	2	4	3970.png
7985	0	1	7985.png
1641	4	1	1641.png
6435	2	1	6435.png
5237	1	1	5237.png
484	2	0	484.png
481	3	0	481.png
3756	2	1	3756.png
1576	3	1	1576.png
5426	1	2	5426.png
3972	4	1	3972.png
4692	0	1	4692.png
811	3	4	811.png
3047	4	3	3047.png
5822	3	2	5822.png
8538	4	4	8538.png
5387	3	2	5387.png
5511	4	4	5511.png
5008	2	3	5008.png
2882	4	1	2882.png
1358	1	4	1358.png
8630	0	0	8630.png
1010	0	3	1010.png
1117	3	2	1117.png
5870	0	2	5870.png
8184	1	3	8184.png
5610	1	2	5610.png
2378	3	2	2378.png
8891	0	3	8891.png
5018	2	1	5018.png
7720	1	0	7720.png
1028	1	4	1028.png
6800	3	2	6800.png
8824	0	1	8824.png
5066	2	2	5066.png
4156	4	3	4156.png
3304	1	2	3304.png
8219	1	2	8219.png
8838	0	4	8838.png
7037	0	1	7037.png
1855	3	0	1855.png
6326	0	0	6326.png
4328	3	4	4328.png
6914	1	2	6914.png
2096	2	0	2096.png
6931	3	0	6931.png
6909	3	0	6909.png
3621	0	3	3621.png
882	3	2	882.png
5681	4	0	5681.png
1289	2	2	1289.png
3631	3	1	3631.png
6437	3	3	6437.png
9328	1	3	9328.png
144	4	0	144.png
4729	0	1	4729.png
2043	2	3	2043.png
6935	2	2	6935.png
7634	3	3	7634.png
2765	3	1	2765.png
8052	4	0	8052.png
6737	3	4	6737.png
1260	0	1	1260.png
4922	4	0	4922.png
6360	3	0	6360.png
7470	2	0	7470.png
1437	3	3	1437.png
4133	0	0	4133.png
6460	2	4	6460.png
1943	1	0	1943.png
151	4	2	151.png
4911	0	1	4911.png
8109	4	2	8109.png
4487	0	4	4487.png
8586	0	0	8586.png
2891	4	0	2891.png
5238	2	2	5238.png
5200	1	0	5200.png
584	2	4	584.png
2405	0	0	2405.png
1726	1	2	1726.png
4944	2	1	4944.png
4916	0	4	4916.png
3430	0	4	3430.png
7346	1	1	7346.png
4402	3	3	4402.png
3794	0	4	3794.png
8169	0	1	8169.png
2769	2	3	2769.png
1643	1	4	1643.png
7852	4	1	7852.png
6647	3	0	6647.png
4681	4	1	4681.png
3446	4	0	3446.png
312	0	0	312.png
3935	3	1	3935.png
2903	1	2	2903.png
2612	4	2	2612.png
837	0	3	837.png
8056	1	0	8056.png
9607	1	4	9607.png
2250	3	2	2250.png
5333	1	3	5333.png
1351	1	4	1351.png
2561	4	3	2561.png
762	3	0	762.png
6861	4	0	6861.png
4147	3	4	4147.png
2163	0	4	2163.png
1833	0	3	1833.png
8992	1	4	8992.png
672	2	4	672.png
3497	2	2	3497.png
733	0	4	733.png
1819	3	1	1819.png
5107	3	1	5107.png
687	1	1	687.png
6391	4	0	6391.png
2511	0	1	2511.png
2756	1	3	2756.png
3482	0	1	3482.png
911	3	1	911.png
6940	4	2	6940.png
261	4	4	261.png
4803	1	3	4803.png
6955	0	0	6955.png
8520	3	1	8520.png
7057	1	3	7057.png
3181	0	1	3181.png
8944	0	1	8944.png
5409	4	2	5409.png
1932	2	0	1932.png
130	0	2	130.png
6017	2	1	6017.png
3995	4	4	3995.png
310	3	0	310.png
3177	3	1	3177.png
4883	3	1	4883.png
1870	0	1	1870.png
6544	4	3	6544.png
3923	3	3	3923.png
2855	2	2	2855.png
1300	2	4	1300.png
7221	3	2	7221.png
2052	0	0	2052.png
5164	2	3	5164.png
5956	4	1	5956.png
8020	2	2	8020.png
5351	4	2	5351.png
6908	3	2	6908.png
7905	1	4	7905.png
4607	1	1	4607.png
7184	2	1	7184.png
2741	0	4	2741.png
2396	3	4	2396.png
9997	1	2	9997.png
8091	2	3	8091.png
806	0	4	806.png
9238	4	3	9238.png
4731	1	1	4731.png
2634	4	1	2634.png
1313	1	3	1313.png
2913	4	3	2913.png
9390	4	4	9390.png
7636	3	4	7636.png
9512	4	0	9512.png
563	2	0	563.png
2135	0	1	2135.png
9633	0	4	9633.png
8736	2	1	8736.png
3474	0	1	3474.png
3189	0	1	3189.png
3527	3	4	3527.png
8453	3	4	8453.png
268	4	4	268.png
4696	3	2	4696.png
3465	4	4	3465.png
9090	3	1	9090.png
9068	2	1	9068.png
5845	1	1	5845.png
2450	0	0	2450.png
3070	4	2	3070.png
5936	1	0	5936.png
4829	1	4	4829.png
6977	1	3	6977.png
5068	2	3	5068.png
3139	0	2	3139.png
4414	0	3	4414.png
8766	1	2	8766.png
7547	1	0	7547.png
8043	0	1	8043.png
1359	3	4	1359.png
4629	0	3	4629.png
2455	4	1	2455.png
2785	3	2	2785.png
2864	3	2	2864.png
3729	3	1	3729.png
3876	2	2	3876.png
9451	1	3	9451.png
5172	3	4	5172.png
4292	1	0	4292.png
8531	3	2	8531.png
968	2	4	968.png
9578	0	3	9578.png
1523	0	2	1523.png
3989	3	3	3989.png
3874	4	0	3874.png
298	3	4	298.png
7030	4	0	7030.png
3105	0	3	3105.png
9250	3	4	9250.png
2222	0	0	2222.png
1573	3	2	1573.png
1331	4	4	1331.png
5179	2	3	5179.png
4295	2	4	4295.png
7834	0	3	7834.png
2862	1	1	2862.png
6877	4	4	6877.png
1649	0	1	1649.png
4458	3	0	4458.png
835	3	2	835.png
5937	4	0	5937.png
2824	0	1	2824.png
5302	2	3	5302.png
7002	3	0	7002.png
6933	1	2	6933.png
4668	4	0	4668.png
2058	0	4	2058.png
2004	1	4	2004.png
5950	4	2	5950.png
1393	1	2	1393.png
1474	1	1	1474.png
9242	4	3	9242.png
4488	2	1	4488.png
4224	3	1	4224.png
8847	0	4	8847.png
1409	1	3	1409.png
9650	1	1	9650.png
9870	3	1	9870.png
6416	0	4	6416.png
815	2	0	815.png
524	3	3	524.png
6848	3	1	6848.png
3250	3	4	3250.png
6662	3	2	6662.png
1054	2	3	1054.png
9948	4	2	9948.png
8482	1	3	8482.png
8461	3	1	8461.png
3692	1	2	3692.png
6722	1	1	6722.png
9424	1	4	9424.png
9864	0	0	9864.png
9236	2	2	9236.png
1909	0	1	1909.png
9632	2	1	9632.png
3597	2	1	3597.png
9163	2	0	9163.png
4326	3	1	4326.png
5528	1	2	5528.png
4212	0	0	4212.png
6743	0	4	6743.png
5434	3	2	5434.png
6551	0	2	6551.png
5307	2	1	5307.png
8439	3	2	8439.png
8827	1	3	8827.png
4300	2	3	4300.png
1376	3	1	1376.png
3934	1	1	3934.png
7772	4	0	7772.png
6406	4	0	6406.png
1382	2	0	1382.png
3875	1	4	3875.png
7774	1	4	7774.png
476	0	4	476.png
7435	2	4	7435.png
4776	0	3	4776.png
3053	1	1	3053.png
9869	0	0	9869.png
1730	4	2	1730.png
8028	0	2	8028.png
9354	1	0	9354.png
1567	0	2	1567.png
902	4	3	902.png
2422	4	1	2422.png
1480	2	4	1480.png
2682	3	1	2682.png
2714	0	4	2714.png
1759	2	3	1759.png
7881	3	0	7881.png
3125	2	1	3125.png
8047	2	1	8047.png
4540	1	4	4540.png
5807	3	0	5807.png
681	2	0	681.png
8570	0	3	8570.png
2844	3	1	2844.png
1055	0	3	1055.png
7292	2	2	7292.png
5340	0	2	5340.png
7665	2	3	7665.png
5015	1	2	5015.png
8713	3	4	8713.png
856	3	1	856.png
3119	4	0	3119.png
3107	4	0	3107.png
2201	3	4	2201.png
6131	4	4	6131.png
9805	0	0	9805.png
3902	3	4	3902.png
6482	1	2	6482.png
414	0	2	414.png
3390	0	2	3390.png
8087	0	2	8087.png
2055	3	3	2055.png
7690	3	0	7690.png
7186	3	2	7186.png
226	0	2	226.png
3917	4	2	3917.png
2086	4	1	2086.png
8618	3	3	8618.png
8746	1	2	8746.png
4119	4	1	4119.png
8156	2	1	8156.png
5519	2	0	5519.png
5345	1	3	5345.png
8682	3	1	8682.png
3309	3	1	3309.png
763	2	0	763.png
3010	1	3	3010.png
5286	0	0	5286.png
1753	0	2	1753.png
3271	3	4	3271.png
6825	0	3	6825.png
3690	4	3	3690.png
9669	1	1	9669.png
2676	2	1	2676.png
3867	3	4	3867.png
3143	2	1	3143.png
5625	4	3	5625.png
580	3	4	580.png
7851	3	2	7851.png
2002	2	4	2002.png
2525	3	1	2525.png
9410	2	3	9410.png
8862	4	1	8862.png
1139	3	0	1139.png
2202	1	2	2202.png
1176	4	1	1176.png
1983	1	2	1983.png
5888	2	2	5888.png
7930	2	2	7930.png
8772	2	4	8772.png
4075	1	2	4075.png
5600	0	4	5600.png
2870	3	1	2870.png
1448	3	4	1448.png
5216	1	0	5216.png
6370	2	0	6370.png
6443	1	4	6443.png
2160	0	3	2160.png
6601	3	3	6601.png
2802	4	3	2802.png
7333	4	2	7333.png
8221	1	0	8221.png
7948	1	1	7948.png
8161	3	1	8161.png
2182	1	0	2182.png
457	2	0	457.png
652	4	0	652.png
2369	4	1	2369.png
5246	4	1	5246.png
2269	3	4	2269.png
7853	4	3	7853.png
4152	4	0	4152.png
4108	4	4	4108.png
1119	1	1	1119.png
1427	4	3	1427.png
6882	4	2	6882.png
8387	2	4	8387.png
7006	3	3	7006.png
3720	4	2	3720.png
4247	1	1	4247.png
6350	1	1	6350.png
2307	3	3	2307.png
7001	3	2	7001.png
5291	3	3	5291.png
6132	0	4	6132.png
1562	1	4	1562.png
5098	3	1	5098.png
9187	1	1	9187.png
3251	3	1	3251.png
9600	3	1	9600.png
8372	0	4	8372.png
7384	0	4	7384.png
7785	2	3	7785.png
282	4	0	282.png
8778	0	3	8778.png
646	3	1	646.png
9888	1	2	9888.png
552	2	2	552.png
1088	1	3	1088.png
4684	2	0	4684.png
8432	4	2	8432.png
9382	0	0	9382.png
6528	0	0	6528.png
5169	3	4	5169.png
5861	1	1	5861.png
5143	4	2	5143.png
8289	3	0	8289.png
4497	4	3	4497.png
3616	1	3	3616.png
5037	0	1	5037.png
7269	4	0	7269.png
3872	3	4	3872.png
4424	0	0	4424.png
6503	4	4	6503.png
8059	3	2	8059.png
936	2	4	936.png
1771	3	3	1771.png
9312	3	0	9312.png
6280	3	1	6280.png
7758	2	4	7758.png
4461	1	1	4461.png
6245	0	3	6245.png
7607	1	2	7607.png
2193	3	4	2193.png
1211	4	4	1211.png
4868	1	3	4868.png
3392	3	4	3392.png
8846	2	0	8846.png
1079	1	3	1079.png
2890	1	2	2890.png
5412	1	1	5412.png
5572	0	3	5572.png
8519	4	1	8519.png
739	0	4	739.png
3823	2	2	3823.png
2571	1	0	2571.png
7680	1	0	7680.png
3101	1	1	3101.png
160	0	1	160.png
7933	1	4	7933.png
5287	3	4	5287.png
6392	2	1	6392.png
8023	3	2	8023.png
386	0	3	386.png
95	4	1	95.png
5844	0	2	5844.png
4724	4	0	4724.png
6971	1	2	6971.png
8881	1	1	8881.png
1021	1	0	1021.png
9912	2	1	9912.png
1193	4	1	1193.png
9903	2	2	9903.png
8092	1	1	8092.png
62	2	2	62.png
4893	1	3	4893.png
6708	4	1	6708.png
7494	1	1	7494.png
4173	2	1	4173.png
8720	2	4	8720.png
5423	3	0	5423.png
2543	2	1	2543.png
1614	4	4	1614.png
41	0	2	41.png
2938	3	0	2938.png
3044	0	4	3044.png
1968	0	3	1968.png
1546	1	2	1546.png
324	0	2	324.png
1522	2	2	1522.png
3656	0	3	3656.png
8384	4	4	8384.png
903	2	4	903.png
3420	1	2	3420.png
7430	4	3	7430.png
5123	1	4	5123.png
8730	2	1	8730.png
4170	3	3	4170.png
1489	0	3	1489.png
8974	4	0	8974.png
5665	2	0	5665.png
7368	4	4	7368.png
1372	4	0	1372.png
1435	0	1	1435.png
7629	1	1	7629.png
5135	3	1	5135.png
786	0	3	786.png
4102	1	4	4102.png
5865	1	1	5865.png
9361	4	3	9361.png
1277	3	4	1277.png
833	3	0	833.png
5677	1	0	5677.png
3058	3	1	3058.png
4571	3	2	4571.png
6165	1	0	6165.png
8841	2	0	8841.png
4930	4	4	4930.png
755	0	0	755.png
5043	2	0	5043.png
3076	0	0	3076.png
1042	3	2	1042.png
8991	2	0	8991.png
4227	1	3	4227.png
7546	3	2	7546.png
2046	4	1	2046.png
3619	1	3	3619.png
4234	4	0	4234.png
1853	3	2	1853.png
9729	3	3	9729.png
8935	2	3	8935.png
9392	4	1	9392.png
6508	0	1	6508.png
4784	3	0	4784.png
1826	4	3	1826.png
5880	0	1	5880.png
8863	1	2	8863.png
5028	4	0	5028.png
5122	3	0	5122.png
2768	4	2	2768.png
3134	1	3	3134.png
5128	2	3	5128.png
2391	1	2	2391.png
3049	4	0	3049.png
6343	1	1	6343.png
7627	3	3	7627.png
5652	4	2	5652.png
2943	0	4	2943.png
237	4	0	237.png
4370	2	4	4370.png
6980	3	2	6980.png
9616	0	2	9616.png
1949	0	1	1949.png
4570	0	3	4570.png
9429	4	0	9429.png
1442	1	1	1442.png
5130	3	0	5130.png
616	3	3	616.png
8397	1	1	8397.png
212	0	1	212.png
1204	2	1	1204.png
3898	1	3	3898.png
3512	3	1	3512.png
6820	0	2	6820.png
2503	3	3	2503.png
702	4	1	702.png
1985	2	1	1985.png
9166	1	4	9166.png
4403	3	0	4403.png
2539	1	4	2539.png
2730	2	3	2730.png
2910	3	0	2910.png
5771	3	2	5771.png
8951	2	2	8951.png
8587	0	3	8587.png
3004	0	3	3004.png
880	0	0	880.png
4967	4	3	4967.png
7880	2	2	7880.png
7593	1	3	7593.png
3559	0	3	3559.png
9567	2	2	9567.png
2347	0	1	2347.png
8814	2	1	8814.png
7263	1	1	7263.png
7859	1	2	7859.png
4750	0	1	4750.png
2888	3	1	2888.png
9171	0	1	9171.png
6736	0	4	6736.png
2941	1	3	2941.png
5912	3	3	5912.png
9749	2	1	9749.png
7671	0	1	7671.png
5275	4	1	5275.png
6740	3	2	6740.png
9150	2	3	9150.png
1852	4	0	1852.png
2659	0	1	2659.png
5742	2	2	5742.png
1594	0	2	1594.png
8611	0	4	8611.png
4269	2	4	4269.png
7516	4	1	7516.png
4954	2	3	4954.png
393	3	1	393.png
3030	2	4	3030.png
7468	3	2	7468.png
5251	3	4	5251.png
5297	0	4	5297.png
6558	0	3	6558.png
2700	0	0	2700.png
4068	3	3	4068.png
9617	2	4	9617.png
4644	4	3	4644.png
7830	3	0	7830.png
6352	0	0	6352.png
9863	2	1	9863.png
7178	2	3	7178.png
6759	1	3	6759.png
9442	2	0	9442.png
6888	1	0	6888.png
1486	4	2	1486.png
8688	4	3	8688.png
6170	2	4	6170.png
196	4	4	196.png
920	3	4	920.png
8603	4	1	8603.png
2722	2	0	2722.png
7587	0	0	7587.png
620	2	1	620.png
8487	2	2	8487.png
6396	0	3	6396.png
8514	1	4	8514.png
5919	3	2	5919.png
1237	2	2	1237.png
1690	1	4	1690.png
3375	0	1	3375.png
197	1	2	197.png
8599	0	0	8599.png
5838	3	0	5838.png
6466	2	3	6466.png
4288	3	4	4288.png
9089	1	2	9089.png
9826	2	3	9826.png
9833	2	3	9833.png
1811	1	0	1811.png
3978	3	2	3978.png
2154	3	4	2154.png
5957	0	2	5957.png
6083	4	3	6083.png
1342	4	2	1342.png
1786	1	4	1786.png
7415	3	3	7415.png
928	1	4	928.png
8706	0	4	8706.png
9754	0	3	9754.png
6855	3	0	6855.png
8252	4	0	8252.png
4701	0	1	4701.png
3846	1	0	3846.png
4023	2	1	4023.png
6394	2	1	6394.png
6442	0	2	6442.png
6090	0	2	6090.png
6137	0	3	6137.png
5754	3	3	5754.png
2288	0	4	2288.png
6258	4	2	6258.png
3713	1	2	3713.png
9005	3	0	9005.png
1558	1	1	1558.png
5570	0	4	5570.png
3297	4	1	3297.png
599	0	3	599.png
3835	4	3	3835.png
3609	3	1	3609.png
6540	4	1	6540.png
4927	3	3	4927.png
9803	4	2	9803.png
3424	4	3	3424.png
9839	3	3	9839.png
6965	2	4	6965.png
5013	0	0	5013.png
4040	0	2	4040.png
4105	0	2	4105.png
2570	0	4	2570.png
8256	2	4	8256.png
9741	4	2	9741.png
5555	3	4	5555.png
8998	1	3	8998.png
2124	2	2	2124.png
1994	1	1	1994.png
3013	2	1	3013.png
2946	4	3	2946.png
795	3	3	795.png
4751	1	0	4751.png
1257	2	3	1257.png
2461	1	2	2461.png
348	4	4	348.png
9016	3	3	9016.png
3274	4	0	3274.png
8740	4	2	8740.png
1306	4	3	1306.png
6362	0	1	6362.png
5481	3	0	5481.png
3468	2	4	3468.png
7274	3	1	7274.png
2909	3	4	2909.png
8909	1	3	8909.png
2739	1	4	2739.png
7515	3	4	7515.png
4449	1	4	4449.png
6005	2	0	6005.png
7886	2	3	7886.png
5867	3	2	5867.png
5824	3	2	5824.png
9892	1	3	9892.png
8318	0	3	8318.png
8142	1	1	8142.png
4270	0	1	4270.png
8834	1	0	8834.png
4057	1	1	4057.png
1100	3	3	1100.png
4464	4	2	4464.png
2930	2	0	2930.png
147	4	0	147.png
5272	0	4	5272.png
851	3	1	851.png
4997	4	3	4997.png
39	4	4	39.png
1960	0	1	1960.png
916	0	1	916.png
1783	0	1	1783.png
1452	3	4	1452.png
7132	3	0	7132.png
5616	4	0	5616.png
5650	2	3	5650.png
6934	0	1	6934.png
7376	2	1	7376.png
306	4	2	306.png
9431	4	4	9431.png
2917	1	0	2917.png
4965	2	0	4965.png
1919	1	0	1919.png
4605	1	4	4605.png
3479	2	4	3479.png
5908	3	3	5908.png
2759	3	1	2759.png
6030	3	4	6030.png
1161	1	4	1161.png
7381	3	4	7381.png
2221	2	1	2221.png
622	1	4	622.png
4798	2	2	4798.png
2442	0	3	2442.png
49	3	3	49.png
9959	1	2	9959.png
9235	0	4	9235.png
3301	2	4	3301.png
4688	0	0	4688.png
1026	3	4	1026.png
8284	2	0	8284.png
4469	3	3	4469.png
2097	3	2	2097.png
9640	3	3	9640.png
5374	3	1	5374.png
3702	4	4	3702.png
3199	2	3	3199.png
6950	0	2	6950.png
590	0	3	590.png
5594	3	2	5594.png
8207	0	3	8207.png
1168	3	1	1168.png
4171	4	1	4171.png
6958	1	2	6958.png
5247	0	3	5247.png
7119	0	1	7119.png
9398	4	3	9398.png
7095	3	1	7095.png
1955	4	4	1955.png
4995	4	4	4995.png
2945	0	3	2945.png
9834	0	1	9834.png
2876	1	1	2876.png
1877	1	2	1877.png
5301	0	2	5301.png
2451	4	0	2451.png
8417	3	4	8417.png
884	0	4	884.png
9321	3	2	9321.png
7124	0	2	7124.png
9659	2	3	9659.png
7278	0	0	7278.png
5582	2	1	5582.png
5821	4	3	5821.png
650	1	1	650.png
3549	0	1	3549.png
4194	3	1	4194.png
8225	1	0	8225.png
5983	0	4	5983.png
3900	2	2	3900.png
3747	4	0	3747.png
6298	3	3	6298.png
6961	1	3	6961.png
8257	2	4	8257.png
5567	2	1	5567.png
4746	0	3	4746.png
6910	4	4	6910.png
6943	4	1	6943.png
7491	3	3	7491.png
7684	3	0	7684.png
7750	4	2	7750.png
4254	3	0	4254.png
6008	4	3	6008.png
156	0	1	156.png
9063	3	2	9063.png
6801	0	1	6801.png
5674	3	0	5674.png
8359	1	2	8359.png
5911	2	2	5911.png
1326	4	2	1326.png
8441	1	4	8441.png
2458	2	3	2458.png
7475	3	0	7475.png
5429	1	1	5429.png
1499	3	4	1499.png
2006	1	1	2006.png
2558	3	2	2558.png
6488	3	4	6488.png
3943	2	2	3943.png
9893	4	1	9893.png
1845	2	2	1845.png
2298	4	0	2298.png
3379	0	0	3379.png
2650	0	4	2650.png
5994	4	0	5994.png
6330	3	0	6330.png
5381	2	0	5381.png
7530	3	4	7530.png
4477	2	0	4477.png
9494	3	1	9494.png
7113	0	1	7113.png
2792	2	3	2792.png
5671	0	0	5671.png
4789	3	2	4789.png
7234	4	3	7234.png
5095	3	0	5095.png
5139	0	3	5139.png
9657	2	1	9657.png
2016	3	2	2016.png
7968	0	2	7968.png
8954	4	2	8954.png
2908	3	1	2908.png
1854	3	3	1854.png
1843	3	2	1843.png
7293	1	1	7293.png
2469	1	4	2469.png
9101	1	2	9101.png
7510	4	2	7510.png
4433	1	4	4433.png
3643	1	0	3643.png
7744	0	3	7744.png
8271	3	0	8271.png
8360	3	2	8360.png
2092	2	4	2092.png
9998	0	2	9998.png
5705	4	4	5705.png
6209	4	1	6209.png
5611	4	4	5611.png
6220	1	0	6220.png
1050	4	3	1050.png
6782	3	3	6782.png
6628	4	1	6628.png
5241	1	0	5241.png
8430	1	2	8430.png
7723	4	1	7723.png
5186	3	4	5186.png
6155	3	3	6155.png
7869	4	0	7869.png
7335	0	0	7335.png
3554	3	1	3554.png
3580	0	4	3580.png
7797	3	1	7797.png
7951	4	4	7951.png
3764	4	4	3764.png
7143	1	2	7143.png
7579	0	1	7579.png
3305	2	0	3305.png
478	4	0	478.png
9702	4	1	9702.png
9917	4	3	9917.png
4814	3	0	4814.png
8090	3	3	8090.png
6913	2	2	6913.png
4192	2	2	4192.png
5078	4	1	5078.png
155	2	3	155.png
3557	2	0	3557.png
1436	2	1	1436.png
6823	1	1	6823.png
738	2	3	738.png
9625	2	1	9625.png
273	1	3	273.png
1915	2	4	1915.png
3757	2	4	3757.png
1577	3	3	1577.png
6653	2	2	6653.png
3645	2	1	3645.png
5254	0	2	5254.png
8071	4	2	8071.png
5693	4	0	5693.png
8600	0	1	8600.png
5357	2	2	5357.png
5689	3	4	5689.png
7299	2	0	7299.png
6976	0	2	6976.png
3312	4	1	3312.png
6366	1	1	6366.png
4163	3	2	4163.png
2184	4	0	2184.png
9131	3	3	9131.png
3141	3	3	3141.png
2657	2	1	2657.png
1893	4	2	1893.png
1917	1	1	1917.png
2636	4	2	2636.png
723	3	1	723.png
5552	4	3	5552.png
7336	4	3	7336.png
7736	4	2	7736.png
8212	4	4	8212.png
4161	4	1	4161.png
3932	3	4	3932.png
721	2	3	721.png
4504	3	4	4504.png
1961	0	4	1961.png
4520	3	1	4520.png
840	2	2	840.png
3710	3	0	3710.png
6060	1	4	6060.png
3067	4	2	3067.png
6257	4	0	6257.png
3055	1	0	3055.png
4298	2	0	4298.png
8675	0	4	8675.png
2402	3	2	2402.png
4186	0	2	4186.png
6319	1	3	6319.png
468	0	2	468.png
7578	0	4	7578.png
7230	4	1	7230.png
6532	2	0	6532.png
9719	3	3	9719.png
4396	1	2	4396.png
205	4	2	205.png
321	3	2	321.png
9223	1	0	9223.png
163	0	4	163.png
9006	0	4	9006.png
1362	2	4	1362.png
8114	2	0	8114.png
2841	4	2	2841.png
1539	0	2	1539.png
7432	3	2	7432.png
8583	4	3	8583.png
3135	3	0	3135.png
5656	2	4	5656.png
4390	4	3	4390.png
4848	0	1	4848.png
1702	1	0	1702.png
866	4	3	866.png
1421	1	1	1421.png
510	2	4	510.png
6766	0	3	6766.png
7459	3	0	7459.png
2049	0	1	2049.png
3190	4	0	3190.png
4415	4	1	4415.png
203	1	1	203.png
5758	4	2	5758.png
8012	3	3	8012.png
5339	0	1	5339.png
6964	4	0	6964.png
7065	1	4	7065.png
9949	4	2	9949.png
718	1	3	718.png
3775	4	0	3775.png
6602	3	4	6602.png
6627	1	3	6627.png
9684	1	3	9684.png
7826	0	4	7826.png
6140	1	3	6140.png
7437	1	4	7437.png
8917	1	0	8917.png
5344	4	1	5344.png
8741	4	4	8741.png
9664	2	3	9664.png
6829	3	3	6829.png
6707	0	2	6707.png
3489	3	2	3489.png
3254	2	1	3254.png
8102	4	4	8102.png
3600	1	0	3600.png
92	2	0	92.png
2416	1	3	2416.png
9966	0	3	9966.png
4740	3	0	4740.png
6084	3	2	6084.png
1721	3	4	1721.png
2644	0	0	2644.png
5393	2	0	5393.png
9502	3	2	9502.png
3232	3	2	3232.png
5124	4	3	5124.png
8279	2	2	8279.png
5874	1	3	5874.png
5334	0	1	5334.png
3587	3	4	3587.png
1163	1	3	1163.png
4929	4	3	4929.png
6870	0	1	6870.png
8760	3	2	8760.png
8292	2	1	8292.png
9923	1	3	9923.png
4369	0	1	4369.png
575	4	4	575.png
1989	4	0	1989.png
5019	1	2	5019.png
8537	0	2	8537.png
6207	0	4	6207.png
875	2	3	875.png
9546	2	4	9546.png
9868	0	0	9868.png
1604	2	1	1604.png
271	2	2	271.png
1373	2	3	1373.png
192	0	0	192.png
1908	3	3	1908.png
4593	0	1	4593.png
2512	3	2	2512.png
7896	3	3	7896.png
3634	4	0	3634.png
7645	0	2	7645.png
399	0	0	399.png
6333	4	4	6333.png
2529	2	2	2529.png
4274	0	2	4274.png
4221	4	4	4221.png
8731	4	3	8731.png
36	2	4	36.png
5854	1	3	5854.png
5708	2	3	5708.png
7816	1	2	7816.png
6555	2	2	6555.png
5988	3	3	5988.png
8879	0	1	8879.png
3152	1	4	3152.png
1498	3	2	1498.png
7412	2	1	7412.png
1595	3	2	1595.png
4615	2	1	4615.png
2165	1	1	2165.png
793	0	2	793.png
2556	0	1	2556.png
1758	1	0	1758.png
1945	0	0	1945.png
863	0	3	863.png
9767	1	0	9767.png
2195	4	0	2195.png
5892	4	0	5892.png
3337	0	3	3337.png
7031	4	0	7031.png
8220	1	0	8220.png
6715	4	3	6715.png
711	2	1	711.png
7559	0	1	7559.png
4830	2	2	4830.png
201	1	2	201.png
4844	2	3	4844.png
1394	2	0	1394.png
5816	4	2	5816.png
977	2	3	977.png
9681	4	1	9681.png
7899	1	0	7899.png
9330	2	2	9330.png
1652	4	1	1652.png
5714	3	2	5714.png
4824	0	1	4824.png
4648	0	3	4648.png
1467	0	1	1467.png
3741	2	1	3741.png
9297	2	1	9297.png
7740	1	3	7740.png
1459	3	0	1459.png
7544	3	3	7544.png
9227	0	0	9227.png
8499	2	0	8499.png
145	3	4	145.png
267	4	4	267.png
9315	2	1	9315.png
1008	4	4	1008.png
945	2	3	945.png
7277	2	0	7277.png
3602	4	0	3602.png
4345	0	1	4345.png
3993	1	4	3993.png
2173	3	3	2173.png
8228	4	1	8228.png
8861	3	0	8861.png
9077	3	3	9077.png
5448	3	0	5448.png
933	0	2	933.png
6762	3	4	6762.png
3822	0	1	3822.png
5284	1	4	5284.png
8781	1	2	8781.png
3929	1	3	3929.png
1846	0	4	1846.png
6812	0	1	6812.png
3817	3	3	3817.png
6455	0	2	6455.png
4732	0	2	4732.png
4914	4	0	4914.png
6760	0	3	6760.png
7832	4	3	7832.png
4612	4	3	4612.png
7860	1	3	7860.png
114	3	1	114.png
406	2	1	406.png
3886	0	3	3886.png
744	0	1	744.png
4584	0	4	4584.png
8573	4	0	8573.png
4470	0	0	4470.png
3453	0	3	3453.png
9758	4	4	9758.png
6092	2	1	6092.png
1655	4	0	1655.png
7959	1	4	7959.png
9308	2	4	9308.png
7902	3	2	7902.png
591	4	4	591.png
4279	0	2	4279.png
8786	1	3	8786.png
288	4	0	288.png
734	4	0	734.png
8393	1	1	8393.png
1020	2	2	1020.png
3521	3	1	3521.png
4219	3	0	4219.png
4044	2	2	4044.png
9777	2	2	9777.png
2830	0	4	2830.png
6545	2	4	6545.png
6768	4	2	6768.png
5091	0	2	5091.png
7835	4	1	7835.png
1729	3	3	1729.png
1094	1	2	1094.png
8298	3	2	8298.png
9788	0	0	9788.png
8718	1	4	8718.png
819	3	1	819.png
3892	3	4	3892.png
4551	3	0	4551.png
6513	4	3	6513.png
6376	2	0	6376.png
9038	2	2	9038.png
8833	4	1	8833.png
6517	1	2	6517.png
1810	0	4	1810.png
7576	1	3	7576.png
3928	1	4	3928.png
4620	4	1	4620.png
7531	1	2	7531.png
1229	1	4	1229.png
5897	1	4	5897.png
4281	3	0	4281.png
4024	2	2	4024.png
3394	1	3	3394.png
3824	3	3	3824.png
9252	4	1	9252.png
8548	4	1	8548.png
4344	4	1	4344.png
3793	4	0	3793.png
8440	0	3	8440.png
2319	1	4	2319.png
9064	0	2	9064.png
3160	0	0	3160.png
1150	4	1	1150.png
3193	0	0	3193.png
9780	1	1	9780.png
4816	4	3	4816.png
6002	4	0	6002.png
2519	1	3	2519.png
5989	2	2	5989.png
6290	3	1	6290.png
1927	4	0	1927.png
7473	3	3	7473.png
5938	0	2	5938.png
9626	3	3	9626.png
6040	3	1	6040.png
6626	2	1	6626.png
6957	3	1	6957.png
2654	4	4	2654.png
8434	2	2	8434.png
4189	2	1	4189.png
742	1	3	742.png
2736	1	0	2736.png
5365	0	4	5365.png
7591	2	3	7591.png
3012	3	3	3012.png
426	1	0	426.png
3556	0	0	3556.png
4297	0	2	4297.png
5040	2	3	5040.png
4089	3	4	4089.png
7352	0	3	7352.png
7028	1	2	7028.png
3065	1	0	3065.png
4815	4	1	4815.png
9305	4	4	9305.png
6619	0	1	6619.png
1815	2	3	1815.png
4197	2	3	4197.png
9071	3	1	9071.png
9644	2	2	9644.png
892	4	4	892.png
7131	4	2	7131.png
3504	1	0	3504.png
1990	4	0	1990.png
9040	2	1	9040.png
2363	0	3	2363.png
545	3	4	545.png
7616	0	0	7616.png
4121	1	1	4121.png
3896	3	3	3896.png
5500	0	3	5500.png
8794	0	2	8794.png
9004	0	0	9004.png
6514	0	4	6514.png
1578	3	4	1578.png
8316	1	0	8316.png
5571	2	2	5571.png
3115	1	2	3115.png
5920	1	2	5920.png
2053	4	3	2053.png
4721	2	0	4721.png
1124	3	2	1124.png
5666	2	2	5666.png
3786	2	3	3786.png
8451	1	1	8451.png
5217	3	4	5217.png
88	2	0	88.png
1200	0	1	1200.png
3284	4	2	3284.png
6640	2	2	6640.png
7355	3	4	7355.png
3944	3	1	3944.png
3849	2	4	3849.png
9651	4	2	9651.png
9047	2	1	9047.png
824	3	0	824.png
5716	3	3	5716.png
4132	4	2	4132.png
1181	2	1	1181.png
2663	2	2	2663.png
8976	4	3	8976.png
1074	0	0	1074.png
1167	4	2	1167.png
8723	4	3	8723.png
9249	4	3	9249.png
1143	1	1	1143.png
9747	0	1	9747.png
4479	1	2	4479.png
1555	2	1	1555.png
6493	1	3	6493.png
2196	4	1	2196.png
9194	0	1	9194.png
704	4	0	704.png
9879	2	2	9879.png
9221	1	0	9221.png
1896	3	2	1896.png
4496	1	1	4496.png
3073	1	0	3073.png
4178	3	0	4178.png
1318	0	4	1318.png
1788	2	1	1788.png
8737	0	1	8737.png
6239	4	3	6239.png
2506	2	2	2506.png
2309	0	1	2309.png
4838	3	2	4838.png
1032	2	0	1032.png
251	0	2	251.png
7999	0	4	7999.png
6302	4	0	6302.png
3138	3	1	3138.png
8900	3	2	8900.png
7455	2	0	7455.png
8146	4	3	8146.png
8426	3	1	8426.png
5798	3	4	5798.png
2147	1	3	2147.png
6423	2	2	6423.png
814	2	3	814.png
3679	4	0	3679.png
2482	4	3	2482.png
6537	2	3	6537.png
357	4	4	357.png
5079	1	2	5079.png
6571	0	0	6571.png
7424	0	4	7424.png
4690	0	1	4690.png
4446	0	4	4446.png
137	1	2	137.png
4427	4	0	4427.png
7719	0	3	7719.png
6649	3	1	6649.png
2101	1	3	2101.png
9248	2	2	9248.png
2074	0	1	2074.png
2838	1	0	2838.png
6515	1	2	6515.png
1631	0	3	1631.png
8956	2	0	8956.png
756	4	3	756.png
3925	3	3	3925.png
472	1	0	472.png
6784	2	0	6784.png
6264	3	3	6264.png
1935	4	0	1935.png
9015	2	0	9015.png
850	0	4	850.png
7467	4	4	7467.png
2774	3	0	2774.png
5914	3	4	5914.png
7136	2	2	7136.png
1581	0	2	1581.png
5092	3	2	5092.png
6169	2	1	6169.png
4362	1	3	4362.png
8296	3	4	8296.png
4939	0	4	4939.png
4957	3	0	4957.png
9717	1	3	9717.png
1232	2	1	1232.png
8791	1	0	8791.png
1996	1	4	1996.png
5025	2	0	5025.png
3436	3	4	3436.png
9032	2	3	9032.png
6887	1	4	6887.png
5471	1	4	5471.png
1179	1	2	1179.png
3321	4	0	3321.png
1111	4	0	1111.png
3186	0	0	3186.png
3883	1	1	3883.png
260	3	4	260.png
6323	4	4	6323.png
6691	3	1	6691.png
8617	0	2	8617.png
4101	3	1	4101.png
9441	2	1	9441.png
3194	4	0	3194.png
3277	4	2	3277.png
4307	2	0	4307.png
746	1	2	746.png
9624	1	1	9624.png
923	4	0	923.png
2388	3	2	2388.png
1716	2	4	1716.png
7667	0	1	7667.png
4635	4	0	4635.png
4788	1	0	4788.png
6754	4	1	6754.png
6974	0	4	6974.png
537	2	4	537.png
8063	2	1	8063.png
9448	4	2	9448.png
7201	2	4	7201.png
7370	0	3	7370.png
8350	3	2	8350.png
1151	1	3	1151.png
2395	4	4	2395.png
7596	4	1	7596.png
3423	3	0	3423.png
4430	0	4	4430.png
7689	4	1	7689.png
1557	2	0	1557.png
2732	1	3	2732.png
4617	1	4	4617.png
3518	0	3	3518.png
2424	0	1	2424.png
331	2	1	331.png
490	3	4	490.png
4595	2	0	4595.png
2230	4	4	2230.png
1838	4	1	1838.png
2434	2	2	2434.png
8036	4	1	8036.png
607	4	2	607.png
626	0	3	626.png
657	2	0	657.png
701	3	4	701.png
2547	4	4	2547.png
93	2	4	93.png
3197	3	2	3197.png
6637	4	1	6637.png
9849	0	2	9849.png
8070	0	1	8070.png
7992	4	3	7992.png
7760	1	3	7760.png
7033	0	4	7033.png
7989	2	2	7989.png
2724	3	1	2724.png
5896	4	2	5896.png
5367	0	0	5367.png
431	2	3	431.png
1246	4	4	1246.png
3252	2	0	3252.png
8818	3	3	8818.png
9726	4	4	9726.png
5976	1	2	5976.png
5791	1	1	5791.png
3761	0	4	3761.png
5568	2	0	5568.png
9976	1	2	9976.png
2225	3	1	2225.png
3472	1	4	3472.png
3343	1	0	3343.png
7787	4	4	7787.png
8632	4	2	8632.png
6651	3	0	6651.png
775	4	2	775.png
6703	3	3	6703.png
4810	2	2	4810.png
611	3	1	611.png
4266	4	2	4266.png
9714	4	2	9714.png
3163	1	0	3163.png
6071	0	4	6071.png
4319	3	4	4319.png
6713	4	4	6713.png
3797	2	2	3797.png
2975	4	3	2975.png
8342	4	1	8342.png
3495	4	2	3495.png
894	4	4	894.png
1219	1	0	1219.png
3779	2	1	3779.png
8984	4	1	8984.png
7617	0	2	7617.png
5504	0	4	5504.png
9357	4	1	9357.png
1981	3	2	1981.png
3222	1	3	3222.png
7460	1	3	7460.png
3077	1	3	3077.png
1525	4	2	1525.png
5269	1	0	5269.png
9791	2	0	9791.png
2477	0	1	2477.png
949	0	2	949.png
4447	1	2	4447.png
8206	3	3	8206.png
5508	2	3	5508.png
5877	0	4	5877.png
4486	1	3	4486.png
9691	1	1	9691.png
9568	0	3	9568.png
8728	0	3	8728.png
9302	3	1	9302.png
3719	0	1	3719.png
8449	0	1	8449.png
6505	2	4	6505.png
4652	0	0	4652.png
606	4	4	606.png
7805	0	3	7805.png
5046	2	2	5046.png
4964	1	3	4964.png
9971	2	2	9971.png
9284	2	2	9284.png
4986	4	1	4986.png
3676	0	4	3676.png
5441	0	4	5441.png
1668	0	4	1668.png
4080	2	3	4080.png
9935	4	2	9935.png
9946	3	2	9946.png
1677	2	2	1677.png
3206	2	1	3206.png
15	3	3	15.png
3610	2	2	3610.png
6499	4	4	6499.png
7977	1	0	7977.png
7825	1	0	7825.png
6203	4	0	6203.png
7306	1	2	7306.png
1319	0	0	1319.png
6833	3	1	6833.png
2526	2	3	2526.png
1233	2	0	1233.png
589	0	0	589.png
9065	4	3	9065.png
52	4	3	52.png
5801	2	1	5801.png
2590	3	3	2590.png
2564	1	3	2564.png
3660	0	2	3660.png
9516	3	3	9516.png
5574	4	1	5574.png
7950	1	2	7950.png
2171	1	4	2171.png
98	0	0	98.png
5206	0	2	5206.png
464	2	1	464.png
7545	4	1	7545.png
7391	0	2	7391.png
784	3	3	784.png
6650	1	2	6650.png
6066	1	0	6066.png
5516	3	1	5516.png
377	3	0	377.png
7417	1	2	7417.png
6806	1	3	6806.png
3981	0	1	3981.png
4555	1	1	4555.png
2057	3	1	2057.png
363	4	1	363.png
2267	1	2	2267.png
9009	0	2	9009.png
3956	0	0	3956.png
665	1	0	665.png
1178	2	3	1178.png
7048	0	1	7048.png
1251	3	0	1251.png
2647	3	0	2647.png
4320	0	1	4320.png
9033	2	3	9033.png
2466	3	2	2466.png
5447	4	3	5447.png
7167	3	0	7167.png
8642	4	0	8642.png
6210	4	0	6210.png
3745	2	0	3745.png
9141	2	1	9141.png
6177	2	0	6177.png
4351	4	0	4351.png
6533	4	1	6533.png
9648	0	0	9648.png
4809	4	1	4809.png
2611	1	2	2611.png
8363	3	4	8363.png
7448	2	3	7448.png
8624	3	1	8624.png
4348	3	3	4348.png
3962	1	4	3962.png
5011	0	2	5011.png
1673	3	3	1673.png
6674	2	1	6674.png
6044	1	3	6044.png
8864	1	2	8864.png
385	1	0	385.png
5638	3	0	5638.png
1207	3	2	1207.png
2359	0	2	2359.png
8213	1	1	8213.png
4630	0	3	4630.png
103	3	2	103.png
9673	2	1	9673.png
5980	4	2	5980.png
8391	3	4	8391.png
6923	1	3	6923.png
5533	0	1	5533.png
6156	0	4	6156.png
1691	3	4	1691.png
4271	1	0	4271.png
525	1	2	525.png
4548	4	1	4548.png
9322	1	0	9322.png
5786	2	1	5786.png
914	1	3	914.png
1455	2	2	1455.png
9712	3	3	9712.png
4110	1	0	4110.png
4200	2	0	4200.png
3666	2	2	3666.png
1051	2	4	1051.png
7647	1	4	7647.png
7838	1	0	7838.png
5118	3	4	5118.png
1460	1	2	1460.png
673	2	4	673.png
118	0	4	118.png
7343	2	4	7343.png
1795	4	4	1795.png
660	4	2	660.png
9865	2	3	9865.png
6629	3	2	6629.png
1091	4	1	1091.png
9838	3	0	9838.png
2501	1	0	2501.png
33	2	4	33.png
105	3	3	105.png
2000	2	4	2000.png
3153	2	0	3153.png
6025	4	1	6025.png
8704	2	3	8704.png
7088	3	1	7088.png
7868	3	0	7868.png
5089	4	4	5089.png
4045	2	2	4045.png
4334	0	2	4334.png
7135	4	3	7135.png
7213	0	0	7213.png
8812	3	0	8812.png
6145	0	3	6145.png
853	3	2	853.png
6433	2	1	6433.png
8683	3	0	8683.png
9165	2	0	9165.png
8901	0	4	8901.png
4976	4	0	4976.png
6428	1	1	6428.png
403	4	0	403.png
9385	2	2	9385.png
4650	2	2	4650.png
1142	0	4	1142.png
4303	0	4	4303.png
5895	3	2	5895.png
6334	3	3	6334.png
3283	4	4	3283.png
7134	1	4	7134.png
5684	0	4	5684.png
4440	0	2	4440.png
2170	0	2	2170.png
1114	3	3	1114.png
8475	0	3	8475.png
429	3	4	429.png
8420	2	1	8420.png
719	4	0	719.png
2685	4	4	2685.png
6576	0	3	6576.png
2996	1	4	2996.png
9860	3	2	9860.png
3072	4	3	3072.png
5119	4	2	5119.png
5138	0	1	5138.png
6582	1	3	6582.png
1650	3	0	1650.png
3957	0	1	3957.png
2448	1	3	2448.png
4825	3	4	4825.png
3369	1	3	3369.png
1095	0	4	1095.png
3003	0	2	3003.png
8758	1	3	8758.png
5183	3	4	5183.png
2538	2	3	2538.png
8528	1	2	8528.png
6507	3	3	6507.png
5071	4	1	5071.png
2421	1	4	2421.png
668	3	1	668.png
2463	4	3	2463.png
5057	4	2	5057.png
9715	1	2	9715.png
224	4	1	224.png
9718	0	4	9718.png
9338	2	2	9338.png
9808	1	1	9808.png
1267	2	1	1267.png
3623	2	4	3623.png
165	0	4	165.png
5703	4	4	5703.png
3699	0	2	3699.png
6729	1	1	6729.png
1674	3	1	1674.png
1202	0	3	1202.png
9627	3	2	9627.png
605	3	4	605.png
8120	4	2	8120.png
3635	4	3	3635.png
7049	4	0	7049.png
4666	2	1	4666.png
1885	4	0	1885.png
5749	2	4	5749.png
3812	4	2	3812.png
5266	0	2	5266.png
7433	1	2	7433.png
2240	1	3	2240.png
4494	3	0	4494.png
8768	4	0	8768.png
248	4	4	248.png
4577	1	4	4577.png
9293	4	3	9293.png
2637	0	0	2637.png
3306	2	1	3306.png
8167	0	2	8167.png
1368	4	1	1368.png
9991	2	3	9991.png
8921	0	2	8921.png
6859	3	4	6859.png
4715	2	3	4715.png
7248	1	1	7248.png
5887	4	2	5887.png
2727	2	1	2727.png
7551	2	2	7551.png
8229	0	0	8229.png
8083	2	0	8083.png
7890	3	4	7890.png
9915	2	1	9915.png
5488	0	3	5488.png
1544	4	1	1544.png
715	0	2	715.png
2886	2	2	2886.png
5522	1	4	5522.png
6436	4	3	6436.png
1317	1	0	1317.png
1821	2	1	1821.png
5780	2	1	5780.png
4625	4	3	4625.png
693	4	0	693.png
1563	4	3	1563.png
1644	4	3	1644.png
9371	2	3	9371.png
195	1	3	195.png
1607	4	2	1607.png
8469	3	3	8469.png
8776	0	3	8776.png
2462	4	3	2462.png
6020	3	4	6020.png
4169	0	3	4169.png
4158	0	1	4158.png
6186	2	4	6186.png
8606	0	4	8606.png
614	1	0	614.png
8016	0	0	8016.png
7767	1	3	7767.png
9572	3	2	9572.png
7469	3	0	7469.png
8130	4	2	8130.png
9046	3	3	9046.png
4078	0	1	4078.png
988	4	4	988.png
263	0	2	263.png
6202	1	1	6202.png
